game_id,game_date,away_team,home_team,home_score,away_score,max_period
2020020001,2021-01-13,PIT,PHI,6,3,3
2020020002,2021-01-13,CHI,T.B,5,1,3
2020020003,2021-01-13,MTL,TOR,5,4,4
2020020004,2021-01-13,VAN,EDM,3,5,3
2020020005,2021-01-13,STL,COL,1,4,3
2020020006,2021-01-14,WSH,BUF,4,6,3
2020020007,2021-01-14,BOS,N.J,2,3,5
2020020008,2021-01-14,NYI,NYR,0,4,3
2020020009,2021-02-22,DAL,FLA,3,1,3
2020020010,2021-01-14,CAR,DET,0,3,3
2020020011,2021-01-14,CBJ,NSH,3,1,3
2020020012,2021-01-14,CGY,WPG,4,3,4
2020020013,2021-01-14,VAN,EDM,5,2,3
2020020014,2021-01-14,S.J,ARI,4,5,5
2020020015,2021-01-14,ANA,VGK,5,2,3
2020020016,2021-01-14,MIN,L.A,3,4,4
2020020017,2021-01-15,WSH,BUF,1,2,3
2020020018,2021-01-15,PIT,PHI,5,2,3
2020020019,2021-01-15,CHI,T.B,5,2,3
2020020020,2021-05-03,DAL,FLA,5,4,4
2020020021,2021-01-15,TOR,OTT,5,3,3
2020020022,2021-01-15,STL,COL,8,0,3
2020020023,2021-01-16,BOS,N.J,2,1,4
2020020024,2021-01-16,NYI,NYR,5,0,3
2020020025,2021-01-16,CAR,DET,4,2,3
2020020026,2021-01-16,CBJ,NSH,5,2,3
2020020027,2021-01-16,TOR,OTT,2,3,3
2020020028,2021-01-16,VAN,CGY,3,0,3
2020020029,2021-01-16,MTL,EDM,1,5,3
2020020030,2021-01-16,S.J,ARI,5,3,3
2020020031,2021-01-16,ANA,VGK,2,1,4
2020020032,2021-01-16,MIN,L.A,3,4,4
2020020033,2021-05-05,DAL,T.B,6,2,3
2020020034,2021-01-17,CHI,FLA,5,2,3
2020020035,2021-01-17,WSH,PIT,4,3,5
2020020036,2021-01-18,BOS,NYI,1,0,3
2020020037,2021-01-18,BUF,PHI,1,6,3
2020020038,2021-01-18,CBJ,DET,2,3,3
2020020039,2021-01-18,S.J,STL,5,4,3
2020020040,2021-01-18,CAR,NSH,2,4,3
2020020041,2021-01-18,WPG,TOR,3,1,3
2020020042,2021-01-18,VAN,CGY,5,2,3
2020020043,2021-01-18,MTL,EDM,1,3,3
2020020044,2021-01-18,ARI,VGK,4,2,3
2020020045,2021-01-18,MIN,ANA,1,0,3
2020020046,2021-01-19,N.J,NYR,3,4,3
2020020047,2021-01-19,BUF,PHI,3,0,3
2020020048,2021-05-07,DAL,T.B,2,5,3
2020020049,2021-01-19,CHI,FLA,5,4,4
2020020050,2021-01-19,WSH,PIT,5,4,4
2020020051,2021-01-19,CBJ,DET,3,2,4
2020020052,2021-03-02,CAR,NSH,2,4,3
2020020053,2021-01-19,WPG,OTT,3,4,4
2020020054,2021-01-19,COL,L.A,2,3,3
2020020055,2021-01-20,S.J,STL,1,2,5
2020020056,2021-01-20,EDM,TOR,1,3,3
2020020057,2021-01-20,MTL,VAN,7,6,5
2020020058,2021-01-20,ARI,VGK,5,2,3
2020020059,2021-01-20,MIN,ANA,2,3,3
2020020060,2021-01-21,PHI,BOS,5,4,5
2020020061,2021-01-21,N.J,NYI,4,1,3
2020020062,2021-02-17,FLA,CAR,3,4,4
2020020063,2021-01-21,T.B,CBJ,2,3,4
2020020064,2021-01-21,WPG,OTT,1,4,3
2020020065,2021-01-21,MTL,VAN,3,7,3
2020020066,2021-01-21,COL,L.A,4,2,3
2020020067,2021-01-22,BUF,WSH,4,3,5
2020020068,2021-01-22,NYR,PIT,5,4,5
2020020069,2021-01-22,DET,CHI,4,1,3
2020020070,2021-01-22,EDM,TOR,4,2,3
2020020071,2021-01-22,S.J,MIN,4,1,3
2020020072,2021-01-22,NSH,DAL,7,0,3
2020020073,2021-01-22,VGK,ARI,5,2,3
2020020074,2021-01-22,COL,ANA,2,3,4
2020020075,2021-01-23,PHI,BOS,6,1,3
2020020076,2021-03-07,FLA,CAR,4,2,3
2020020077,2021-01-23,T.B,CBJ,5,2,3
2020020078,2021-01-23,L.A,STL,4,2,3
2020020079,2021-01-23,OTT,WPG,6,3,3
2020020080,2021-01-23,MTL,VAN,2,5,3
2020020081,2021-01-24,NYI,N.J,2,0,3
2020020082,2021-01-24,BUF,WSH,3,4,5
2020020083,2021-01-24,NYR,PIT,3,2,3
2020020084,2021-01-24,DET,CHI,6,2,3
2020020085,2021-01-24,L.A,STL,3,6,3
2020020086,2021-01-24,EDM,WPG,3,4,3
2020020087,2021-01-24,TOR,CGY,2,3,3
2020020088,2021-01-24,S.J,MIN,3,5,3
2020020089,2021-01-24,NSH,DAL,3,2,3
2020020090,2021-01-24,VGK,ARI,0,1,3
2020020091,2021-01-24,COL,ANA,3,1,3
2020020092,2021-01-25,OTT,VAN,7,1,3
2020020093,2021-01-26,PIT,BOS,3,2,4
2020020094,2021-01-26,NYR,BUF,3,2,3
2020020095,2021-01-26,PHI,N.J,3,5,3
2020020096,2021-01-26,NYI,WSH,3,2,3
2020020097,2021-02-22,T.B,CAR,2,4,3
2020020098,2021-01-26,FLA,CBJ,4,5,5
2020020099,2021-01-26,CHI,NSH,3,2,4
2020020100,2021-01-26,EDM,WPG,6,4,3
2020020101,2021-01-26,TOR,CGY,3,4,3
2020020102,2021-01-26,L.A,MIN,1,2,3
2020020103,2021-01-26,DET,DAL,2,1,4
2020020104,2021-01-26,S.J,COL,7,3,3
2020020105,2021-01-26,ANA,ARI,0,1,3
2020020106,2021-01-26,STL,VGK,5,6,5
2020020107,2021-01-27,CHI,NSH,2,1,5
2020020108,2021-01-27,OTT,VAN,5,1,3
2020020109,2021-01-28,PIT,BOS,4,1,3
2020020110,2021-01-28,NYR,BUF,2,3,4
2020020111,2021-01-28,PHI,N.J,1,3,3
2020020112,2021-01-28,NYI,WSH,6,3,3
2020020113,2021-01-28,T.B,CAR,1,0,4
2020020114,2021-01-28,FLA,CBJ,3,2,5
2020020115,2021-01-28,CGY,MTL,4,2,3
2020020116,2021-01-28,TOR,EDM,3,4,3
2020020117,2021-01-28,OTT,VAN,4,1,3
2020020118,2021-01-28,L.A,MIN,5,3,3
2020020119,2021-01-28,DET,DAL,7,3,3
2020020120,2021-01-28,S.J,COL,3,0,3
2020020121,2021-01-28,ANA,ARI,3,2,3
2020020122,2021-03-22,STL,VGK,5,1,3
2020020123,2021-01-29,CBJ,CHI,1,2,3
2020020124,2021-01-30,N.J,BUF,4,3,5
2020020125,2021-01-30,PIT,NYR,4,5,4
2020020126,2021-01-30,NYI,PHI,3,2,4
2020020127,2021-01-30,BOS,WSH,4,3,4
2020020128,2021-01-30,DAL,CAR,4,1,3
2020020129,2021-01-30,NSH,T.B,4,3,3
2020020130,2021-01-30,FLA,DET,2,3,4
2020020131,2021-01-30,CGY,MTL,0,2,3
2020020132,2021-01-30,VAN,WPG,1,4,3
2020020133,2021-01-30,TOR,EDM,4,3,4
2020020134,2021-01-30,COL,MIN,1,5,3
2020020135,2021-01-30,STL,ANA,1,6,3
2020020136,2021-01-31,N.J,BUF,3,5,3
2020020137,2021-01-31,NYI,PHI,4,3,4
2020020138,2021-01-31,DAL,CAR,5,4,5
2020020139,2021-01-31,FLA,DET,2,3,3
2020020140,2021-01-31,CBJ,CHI,3,1,3
2020020141,2021-01-31,OTT,EDM,8,5,3
2020020142,2021-01-31,COL,MIN,4,3,4
2020020143,2021-01-31,STL,ANA,1,4,3
2020020144,2021-02-01,PIT,NYR,3,1,3
2020020145,2021-02-01,BOS,WSH,3,5,3
2020020146,2021-02-01,NSH,T.B,5,2,3
2020020147,2021-02-01,VAN,MTL,6,2,3
2020020148,2021-02-01,CGY,WPG,4,5,5
2020020149,2021-02-13,VGK,S.J,1,3,3
2020020150,2021-02-22,BUF,NYI,3,2,3
2020020151,2021-03-21,N.J,PIT,1,2,4
2020020152,2021-02-02,DAL,CBJ,3,6,3
2020020153,2021-02-02,CAR,CHI,3,4,5
2020020154,2021-02-02,ARI,STL,4,3,3
2020020155,2021-02-02,VAN,MTL,5,3,3
2020020156,2021-02-02,CGY,WPG,3,2,3
2020020157,2021-02-02,OTT,EDM,4,2,3
2020020158,2021-02-02,MIN,COL,2,1,3
2020020159,2021-02-03,BOS,PHI,3,4,4
2020020160,2021-02-03,DET,T.B,5,1,3
2020020161,2021-02-02,ANA,L.A,1,3,3
2020020162,2021-05-12,VGK,S.J,0,6,3
2020020163,2021-03-04,BUF,NYI,5,2,3
2020020164,2021-02-04,WSH,NYR,4,2,3
2020020165,2021-02-04,NSH,FLA,5,6,4
2020020166,2021-04-20,N.J,PIT,7,6,3
2020020167,2021-02-04,DAL,CBJ,4,3,3
2020020168,2021-02-04,CAR,CHI,6,4,3
2020020169,2021-02-04,ARI,STL,3,4,3
2020020170,2021-02-04,OTT,MTL,2,3,3
2020020171,2021-02-04,VAN,TOR,7,3,3
2020020172,2021-02-04,CGY,WPG,4,1,3
2020020173,2021-02-24,MIN,COL,2,6,3
2020020174,2021-02-05,BOS,PHI,1,2,3
2020020175,2021-02-05,DET,T.B,3,1,3
2020020176,2021-02-05,NSH,FLA,2,1,3
2020020177,2021-02-05,L.A,VGK,5,2,3
2020020178,2021-02-05,S.J,ANA,4,6,5
2020020179,2021-03-27,BUF,BOS,3,2,3
2020020180,2021-03-04,NYR,N.J,1,6,3
2020020181,2021-02-06,PIT,NYI,4,3,3
2020020182,2021-04-14,COL,STL,3,4,3
2020020183,2021-02-06,MTL,OTT,1,2,3
2020020184,2021-02-06,VAN,TOR,5,1,3
2020020185,2021-02-06,EDM,CGY,6,4,3
2020020186,2021-03-16,ARI,MIN,3,0,3
2020020187,2021-02-06,S.J,ANA,3,2,5
2020020188,2021-02-07,PHI,WSH,4,7,3
2020020189,2021-02-07,DET,FLA,1,4,3
2020020190,2021-02-07,CAR,CBJ,5,6,3
2020020191,2021-04-26,COL,STL,4,1,3
2020020192,2021-04-14,ARI,MIN,5,2,3
2020020193,2021-02-07,CHI,DAL,1,2,4
2020020194,2021-02-07,L.A,VGK,4,3,3
2020020195,2021-04-13,BUF,BOS,4,2,5
2020020196,2021-02-08,NYI,NYR,0,2,3
2020020197,2021-02-08,CAR,CBJ,3,2,3
2020020198,2021-02-08,T.B,NSH,1,4,3
2020020199,2021-02-08,EDM,OTT,1,3,3
2020020200,2021-02-08,VAN,TOR,3,1,3
2020020201,2021-03-18,PIT,N.J,3,2,3
2020020202,2021-04-13,PHI,WSH,6,1,3
2020020203,2021-02-09,DET,FLA,2,1,3
2020020204,2021-02-09,T.B,NSH,1,6,3
2020020205,2021-02-09,EDM,OTT,2,3,3
2020020206,2021-02-09,WPG,CGY,3,2,3
2020020207,2021-05-01,STL,MIN,4,3,4
2020020208,2021-02-09,CHI,DAL,1,2,4
2020020209,2021-03-31,ARI,COL,9,3,3
2020020210,2021-02-09,ANA,VGK,5,4,3
2020020211,2021-02-09,S.J,L.A,3,4,5
2020020212,2021-02-10,BOS,NYR,2,3,4
2020020213,2021-02-10,TOR,MTL,2,4,3
2020020214,2021-03-15,WSH,BUF,0,6,3
2020020215,2021-02-11,PIT,NYI,3,4,5
2020020216,2021-04-25,N.J,PHI,6,5,5
2020020217,2021-02-11,T.B,FLA,5,2,3
2020020218,2021-02-11,CBJ,CHI,5,6,3
2020020219,2021-02-11,DET,NSH,3,2,3
2020020220,2021-02-11,EDM,MTL,0,3,3
2020020221,2021-02-11,OTT,WPG,5,1,3
2020020222,2021-02-11,CGY,VAN,1,3,3
2020020223,2021-03-25,STL,MIN,2,0,3
2020020224,2021-02-11,CAR,DAL,3,5,3
2020020225,2021-04-12,ARI,COL,4,2,3
2020020226,2021-02-11,ANA,VGK,0,1,3
2020020227,2021-02-11,S.J,L.A,6,2,3
2020020228,2021-02-12,BOS,NYR,0,1,3
2020020229,2021-04-09,WSH,BUF,3,4,3
2020020230,2021-02-13,BOS,NYI,4,2,3
2020020231,2021-05-10,N.J,PHI,4,2,3
2020020232,2021-02-13,T.B,FLA,1,6,3
2020020233,2021-02-13,CBJ,CHI,3,2,4
2020020234,2021-02-13,DET,NSH,2,4,3
2020020235,2021-02-13,MTL,TOR,1,2,3
2020020236,2021-02-13,OTT,WPG,1,2,3
2020020237,2021-02-13,CGY,VAN,3,1,3
2020020238,2021-02-13,CAR,DAL,3,4,5
2020020239,2021-02-13,STL,ARI,4,5,4
2020020240,2021-04-23,MIN,L.A,2,4,3
2020020241,2021-04-06,ANA,S.J,1,5,3
2020020242,2021-02-14,WSH,PIT,6,3,3
2020020243,2021-02-14,COL,VGK,1,0,3
2020020244,2021-03-07,N.J,BOS,0,1,3
2020020245,2021-02-15,NYI,BUF,1,3,3
2020020246,2021-02-15,CHI,DET,2,3,4
2020020247,2021-02-15,OTT,TOR,5,6,4
2020020248,2021-02-15,WPG,EDM,5,6,3
2020020249,2021-02-15,CGY,VAN,3,4,4
2020020250,2021-03-07,NSH,DAL,4,5,5
2020020251,2021-02-15,STL,ARI,1,0,3
2020020252,2021-02-15,ANA,S.J,3,2,3
2020020253,2021-02-16,NYI,BUF,0,3,3
2020020254,2021-04-22,PHI,NYR,2,3,3
2020020255,2021-02-15,CBJ,CAR,7,3,3
2020020256,2021-02-15,FLA,T.B,4,6,3
2020020257,2021-02-16,WSH,PIT,1,3,3
2020020258,2021-03-21,NSH,DAL,4,5,5
2020020259,2021-02-16,COL,VGK,2,3,3
2020020260,2021-02-16,MIN,L.A,4,0,3
2020020261,2021-02-17,CHI,DET,0,2,3
2020020262,2021-02-17,OTT,TOR,2,1,3
2020020263,2021-02-17,VAN,CGY,1,5,3
2020020264,2021-02-17,WPG,EDM,3,2,3
2020020265,2021-02-18,N.J,BOS,2,3,3
2020020266,2021-02-18,NYR,PHI,3,4,5
2020020267,2021-02-18,NYI,PIT,4,1,3
2020020268,2021-02-18,NSH,CBJ,3,0,3
2020020269,2021-02-18,S.J,STL,3,2,4
2020020270,2021-02-18,OTT,TOR,7,3,3
2020020271,2021-03-02,T.B,DAL,0,2,3
2020020272,2021-02-18,L.A,ARI,4,5,5
2020020273,2021-02-18,MIN,ANA,1,3,3
2020020274,2021-02-19,CHI,CAR,5,3,3
2020020275,2021-02-19,FLA,DET,2,7,3
2020020276,2021-02-19,EDM,CGY,1,2,3
2020020277,2021-02-19,WPG,VAN,0,2,3
2020020278,2021-02-20,BUF,N.J,2,3,3
2020020279,2021-02-20,NYR,WSH,1,4,3
2020020280,2021-05-06,CHI,CAR,1,2,4
2020020281,2021-02-20,NYI,PIT,3,2,3
2020020282,2021-02-20,NSH,CBJ,2,4,3
2020020283,2021-02-20,S.J,STL,4,5,3
2020020284,2021-02-20,TOR,MTL,3,5,3
2020020285,2021-02-20,CGY,EDM,7,1,3
2020020286,2021-03-16,T.B,DAL,4,5,5
2020020287,2021-02-20,VGK,COL,3,2,3
2020020288,2021-02-20,L.A,ARI,2,4,3
2020020289,2021-02-20,MIN,ANA,1,5,3
2020020290,2021-02-21,PHI,BOS,7,3,3
2020020291,2021-03-20,NYR,WSH,1,3,3
2020020292,2021-02-20,FLA,DET,2,1,3
2020020293,2021-02-21,MTL,OTT,3,2,4
2020020294,2021-02-21,WPG,VAN,3,4,4
2020020295,2021-02-23,BUF,N.J,1,4,3
2020020296,2021-02-24,CAR,T.B,3,0,3
2020020297,2021-02-22,L.A,STL,0,3,3
2020020298,2021-02-22,CGY,TOR,0,3,3
2020020299,2021-02-22,VGK,COL,0,3,3
2020020300,2021-02-22,ANA,ARI,4,3,3
2020020301,2021-03-02,NYI,N.J,1,2,3
2020020302,2021-02-23,PIT,WSH,2,3,4
2020020303,2021-02-24,DAL,FLA,0,3,3
2020020304,2021-02-23,CHI,CBJ,5,6,5
2020020305,2021-02-23,NSH,DET,0,2,3
2020020306,2021-02-23,MTL,OTT,6,4,5
2020020307,2021-02-23,EDM,VAN,3,4,3
2020020308,2021-02-24,NYR,PHI,4,3,3
2020020309,2021-02-24,L.A,STL,1,2,3
2020020310,2021-02-24,CGY,TOR,2,1,4
2020020311,2021-02-24,ANA,ARI,5,4,5
2020020312,2021-02-25,BOS,NYI,7,2,3
2020020313,2021-02-25,PIT,WSH,5,2,3
2020020314,2021-02-25,CAR,T.B,3,1,3
2020020315,2021-02-25,DAL,FLA,3,2,3
2020020316,2021-02-25,CHI,CBJ,0,2,3
2020020317,2021-02-25,NSH,DET,5,2,3
2020020318,2021-02-25,CGY,OTT,6,1,3
2020020319,2021-02-25,MTL,WPG,6,3,3
2020020320,2021-02-25,EDM,VAN,0,3,3
2020020321,2021-02-26,COL,ARI,2,3,3
2020020322,2021-02-27,PHI,BUF,0,3,3
2020020323,2021-02-26,BOS,NYR,6,2,3
2020020324,2021-02-26,L.A,MIN,3,1,3
2020020325,2021-04-24,VGK,ANA,1,5,3
2020020326,2021-03-08,STL,S.J,3,2,4
2020020327,2021-02-27,WSH,N.J,2,5,3
2020020328,2021-02-27,PIT,NYI,3,4,4
2020020329,2021-02-27,DAL,T.B,5,0,3
2020020330,2021-02-27,CAR,FLA,5,6,5
2020020331,2021-02-27,DET,CHI,3,5,3
2020020332,2021-02-27,CBJ,NSH,2,1,3
2020020333,2021-02-27,CGY,OTT,3,6,3
2020020334,2021-02-27,MTL,WPG,2,1,4
2020020335,2021-02-27,TOR,EDM,0,4,3
2020020336,2021-02-27,L.A,MIN,4,3,4
2020020337,2021-02-27,COL,ARI,2,6,3
2020020338,2021-02-27,VGK,ANA,2,3,4
2020020339,2021-02-27,STL,S.J,6,7,3
2020020340,2021-02-28,PHI,BUF,0,3,3
2020020341,2021-02-28,PIT,NYI,2,0,3
2020020342,2021-02-28,BOS,NYR,1,4,3
2020020343,2021-02-28,DET,CHI,7,2,3
2020020344,2021-02-28,CBJ,NSH,3,1,3
2020020345,2021-03-01,VAN,WPG,0,4,3
2020020346,2021-02-28,WSH,N.J,2,3,3
2020020347,2021-04-29,DAL,T.B,3,0,3
2020020348,2021-03-01,CAR,FLA,2,3,4
2020020349,2021-03-01,CGY,OTT,5,1,3
2020020350,2021-03-01,TOR,EDM,0,3,3
2020020351,2021-03-01,MIN,VGK,5,4,4
2020020352,2021-03-01,STL,ANA,4,5,3
2020020353,2021-03-01,COL,S.J,6,2,3
2020020354,2021-03-02,BUF,NYR,3,2,3
2020020355,2021-03-02,PHI,PIT,5,2,3
2020020356,2021-03-02,DET,CBJ,4,1,3
2020020357,2021-03-02,OTT,MTL,3,1,3
2020020358,2021-03-02,VAN,WPG,5,2,3
2020020359,2021-03-03,WSH,BOS,1,2,5
2020020360,2021-03-03,TOR,EDM,1,6,3
2020020361,2021-03-03,MIN,VGK,5,1,3
2020020362,2021-03-03,STL,ANA,2,3,3
2020020363,2021-03-03,COL,S.J,0,4,3
2020020364,2021-02-16,N.J,NYR,2,5,3
2020020365,2021-03-04,DET,CAR,5,2,3
2020020366,2021-03-04,PHI,PIT,3,4,3
2020020367,2021-03-04,T.B,CHI,2,3,4
2020020368,2021-03-04,FLA,NSH,4,5,3
2020020369,2021-03-04,WPG,MTL,3,4,4
2020020370,2021-03-04,OTT,CGY,7,3,3
2020020371,2021-03-04,TOR,VAN,3,1,3
2020020372,2021-03-04,CBJ,DAL,2,3,3
2020020373,2021-03-05,WSH,BOS,5,1,3
2020020374,2021-03-06,NYR,N.J,3,6,3
2020020375,2021-03-06,BUF,NYI,5,2,3
2020020376,2021-03-05,T.B,CHI,4,3,5
2020020377,2021-03-05,ANA,COL,3,2,4
2020020378,2021-03-05,MIN,ARI,1,5,3
2020020379,2021-03-05,STL,L.A,2,3,4
2020020380,2021-03-05,VGK,S.J,4,5,4
2020020381,2021-03-06,FLA,NSH,2,6,3
2020020382,2021-03-06,WPG,MTL,7,1,3
2020020383,2021-03-06,CGY,EDM,3,2,3
2020020384,2021-03-06,TOR,VAN,4,2,3
2020020385,2021-03-06,CBJ,DAL,5,0,3
2020020386,2021-03-06,ANA,COL,4,5,4
2020020387,2021-03-06,MIN,ARI,5,2,3
2020020388,2021-03-06,STL,L.A,4,3,4
2020020389,2021-03-06,VGK,S.J,0,4,3
2020020390,2021-04-05,PHI,BOS,2,3,4
2020020391,2021-03-07,BUF,NYI,5,2,3
2020020392,2021-02-21,N.J,WSH,4,3,3
2020020393,2021-03-07,NYR,PIT,5,1,3
2020020394,2021-03-07,T.B,CHI,3,6,3
2020020395,2021-03-07,OTT,CGY,4,5,5
2020020396,2021-03-08,OTT,EDM,3,2,3
2020020397,2021-03-08,MTL,VAN,2,1,5
2020020398,2021-03-08,VGK,MIN,2,0,3
2020020399,2021-03-08,ARI,COL,2,3,3
2020020400,2021-03-08,L.A,ANA,6,5,4
2020020401,2021-03-09,BOS,NYI,3,2,5
2020020402,2021-03-09,BUF,PHI,6,4,5
2020020403,2021-03-09,N.J,WSH,5,4,4
2020020404,2021-03-09,NSH,CAR,3,2,4
2020020405,2021-03-09,NYR,PIT,4,2,3
2020020406,2021-03-09,FLA,CBJ,2,4,3
2020020407,2021-03-09,T.B,DET,3,4,4
2020020408,2021-03-09,WPG,TOR,3,4,3
2020020409,2021-03-09,CHI,DAL,6,1,3
2020020410,2021-03-10,OTT,EDM,7,1,3
2020020411,2021-03-10,MTL,VAN,1,5,3
2020020412,2021-03-10,VGK,MIN,4,3,3
2020020413,2021-03-10,ARI,COL,2,1,4
2020020414,2021-03-10,L.A,ANA,1,5,3
2020020415,2021-03-11,NYR,BOS,4,0,3
2020020416,2021-03-11,PIT,BUF,2,5,3
2020020417,2021-03-11,N.J,NYI,5,3,3
2020020418,2021-03-11,WSH,PHI,3,5,3
2020020419,2021-03-11,NSH,CAR,5,1,3
2020020420,2021-03-11,FLA,CBJ,4,5,4
2020020421,2021-03-11,T.B,DET,6,4,3
2020020422,2021-03-11,WPG,TOR,4,3,4
2020020423,2021-03-11,MTL,CGY,2,1,3
2020020424,2021-03-11,CHI,DAL,2,4,3
2020020425,2021-03-12,VGK,STL,4,5,4
2020020426,2021-03-12,OTT,EDM,6,2,3
2020020427,2021-03-12,ARI,MIN,4,0,3
2020020428,2021-03-12,L.A,COL,2,0,3
2020020429,2021-03-12,S.J,ANA,0,6,3
2020020430,2021-03-13,NYR,BOS,0,4,3
2020020431,2021-03-13,PIT,BUF,0,3,3
2020020432,2021-03-13,NYI,N.J,2,3,3
2020020433,2021-03-13,WSH,PHI,4,5,3
2020020434,2021-03-13,NSH,T.B,6,3,3
2020020435,2021-03-13,CHI,FLA,4,2,3
2020020436,2021-03-13,DAL,CBJ,4,3,4
2020020437,2021-03-13,VGK,STL,1,5,3
2020020438,2021-03-13,WPG,TOR,2,5,3
2020020439,2021-03-13,MTL,CGY,3,1,3
2020020440,2021-03-13,EDM,VAN,2,1,3
2020020441,2021-03-13,S.J,ANA,1,3,3
2020020442,2021-03-14,CAR,DET,1,2,3
2020020443,2021-03-14,TOR,OTT,4,3,3
2020020444,2021-03-14,ARI,MIN,4,1,3
2020020445,2021-03-14,L.A,COL,4,1,3
2020020446,2021-03-15,PHI,NYR,4,5,4
2020020447,2021-04-27,NYI,WSH,1,0,3
2020020448,2021-03-15,NSH,T.B,1,4,3
2020020449,2021-03-15,CHI,FLA,6,3,3
2020020450,2021-03-15,BOS,PIT,4,1,3
2020020451,2021-03-14,DAL,CBJ,1,2,5
2020020452,2021-03-15,VAN,OTT,2,3,4
2020020453,2021-03-15,MTL,WPG,2,4,3
2020020454,2021-03-15,EDM,CGY,4,3,3
2020020455,2021-03-15,S.J,VGK,2,1,3
2020020456,2021-05-10,STL,L.A,1,2,4
2020020457,2021-03-16,BUF,N.J,3,2,3
2020020458,2021-03-16,NYI,WSH,3,1,3
2020020459,2021-03-16,BOS,PIT,1,2,3
2020020460,2021-03-16,CAR,DET,4,2,3
2020020461,2021-03-20,ARI,ANA,1,5,3
2020020462,2021-03-17,PHI,NYR,9,0,3
2020020463,2021-03-17,VAN,OTT,2,3,5
2020020464,2021-03-17,MTL,WPG,4,3,4
2020020465,2021-03-17,EDM,CGY,3,7,3
2020020466,2021-03-17,S.J,VGK,5,4,3
2020020467,2021-03-17,STL,L.A,4,1,3
2020020468,2021-03-18,BOS,BUF,1,4,3
2020020469,2021-03-18,PHI,NYI,3,4,3
2020020470,2021-03-18,CBJ,CAR,2,3,4
2020020471,2021-03-18,CHI,T.B,4,2,3
2020020472,2021-03-18,NSH,FLA,1,2,3
2020020473,2021-03-18,DAL,DET,3,2,3
2020020474,2021-03-18,WPG,EDM,2,1,3
2020020475,2021-03-18,MIN,COL,5,1,3
2020020476,2021-03-18,ARI,ANA,3,2,4
2020020477,2021-03-20,PIT,N.J,1,3,3
2020020478,2021-03-19,NYR,WSH,2,1,3
2020020479,2021-03-19,VAN,MTL,2,3,4
2020020480,2021-03-19,CGY,TOR,3,4,3
2020020481,2021-03-19,VGK,L.A,2,4,3
2020020482,2021-03-19,STL,S.J,2,3,5
2020020483,2021-04-20,BOS,BUF,0,2,3
2020020484,2021-03-20,PHI,NYI,6,1,3
2020020485,2021-03-20,CBJ,CAR,3,4,5
2020020486,2021-03-20,CHI,T.B,4,1,3
2020020487,2021-03-20,NSH,FLA,2,0,3
2020020488,2021-03-20,DAL,DET,0,3,3
2020020489,2021-03-20,VAN,MTL,6,5,5
2020020490,2021-03-20,CGY,TOR,2,0,3
2020020491,2021-03-20,WPG,EDM,4,2,3
2020020492,2021-03-20,MIN,COL,6,0,3
2020020493,2021-03-20,STL,S.J,2,5,3
2020020494,2021-04-09,PIT,N.J,4,6,3
2020020495,2021-03-21,VGK,L.A,3,1,3
2020020496,2021-03-22,BUF,NYR,5,3,3
2020020497,2021-03-22,CAR,CBJ,0,3,3
2020020498,2021-03-30,EDM,MTL,4,0,3
2020020499,2021-03-22,CGY,OTT,2,1,3
2020020500,2021-03-22,WPG,VAN,0,4,3
2020020501,2021-03-22,ANA,MIN,2,1,3
2020020502,2021-03-22,COL,ARI,1,5,3
2020020503,2021-03-22,L.A,S.J,2,1,3
2020020504,2021-03-23,N.J,PHI,3,4,3
2020020505,2021-03-23,FLA,CHI,3,2,3
2020020506,2021-03-23,DET,NSH,2,0,3
2020020507,2021-03-23,T.B,DAL,1,2,3
2020020508,2021-03-23,COL,ARI,7,5,5
2020020509,2021-03-24,BUF,PIT,5,2,3
2020020510,2021-05-10,EDM,MTL,3,4,4
2020020511,2021-03-24,CGY,OTT,3,1,3
2020020512,2021-03-24,WPG,VAN,1,5,3
2020020513,2021-03-24,ANA,MIN,3,2,3
2020020514,2021-03-24,L.A,S.J,4,2,3
2020020515,2021-03-25,NYI,BOS,3,4,4
2020020516,2021-03-25,NYR,PHI,3,8,3
2020020517,2021-03-25,N.J,WSH,4,3,3
2020020518,2021-03-25,CAR,CBJ,3,4,4
2020020519,2021-03-25,FLA,CHI,3,0,3
2020020520,2021-03-25,DET,NSH,7,1,3
2020020521,2021-03-25,TOR,OTT,2,3,4
2020020522,2021-03-25,T.B,DAL,4,3,3
2020020523,2021-03-25,VGK,COL,5,1,3
2020020524,2021-03-26,N.J,WSH,4,0,3
2020020525,2021-03-26,ANA,STL,1,4,3
2020020526,2021-05-12,EDM,MTL,3,4,4
2020020527,2021-03-26,WPG,CGY,2,3,3
2020020528,2021-03-26,S.J,ARI,5,2,3
2020020529,2021-05-10,NYI,BOS,3,2,4
2020020530,2021-03-27,NYR,PHI,2,1,3
2020020531,2021-03-27,T.B,CAR,4,3,3
2020020532,2021-03-25,BUF,PIT,4,0,3
2020020533,2021-03-27,CBJ,DET,3,1,3
2020020534,2021-03-27,NSH,CHI,1,3,3
2020020535,2021-03-28,ANA,STL,2,3,4
2020020536,2021-03-27,EDM,TOR,4,3,4
2020020537,2021-03-27,WPG,CGY,4,2,3
2020020538,2021-03-27,FLA,DAL,3,4,4
2020020539,2021-03-27,VGK,COL,2,3,4
2020020540,2021-03-27,S.J,ARI,4,0,3
2020020541,2021-03-28,N.J,BOS,0,1,3
2020020542,2021-03-28,NYR,WSH,5,4,3
2020020543,2021-02-20,T.B,CAR,4,0,3
2020020544,2021-03-28,CBJ,DET,4,1,3
2020020545,2021-03-28,NSH,CHI,2,3,3
2020020546,2021-04-17,OTT,MTL,0,4,3
2020020547,2021-03-28,FLA,DAL,1,4,3
2020020548,2021-03-29,PHI,BUF,3,4,4
2020020549,2021-03-29,NYI,PIT,2,1,3
2020020550,2021-02-06,ARI,STL,1,3,3
2020020551,2021-03-29,EDM,TOR,2,3,4
2020020552,2021-03-29,WPG,CGY,1,5,3
2020020553,2021-03-29,ANA,COL,5,2,3
2020020554,2021-03-29,L.A,VGK,4,1,3
2020020555,2021-03-29,MIN,S.J,6,5,5
2020020556,2021-03-30,N.J,BOS,6,4,5
2020020557,2021-03-31,PHI,BUF,6,1,3
2020020558,2021-03-30,WSH,NYR,5,2,3
2020020559,2021-03-30,CBJ,T.B,1,3,3
2020020560,2021-03-30,DET,FLA,4,1,3
2020020561,2021-03-27,NYI,PIT,6,3,3
2020020562,2021-03-30,CAR,CHI,2,1,3
2020020563,2021-03-30,DAL,NSH,3,2,4
2020020564,2021-05-05,MTL,OTT,5,1,3
2020020565,2021-02-08,ARI,STL,4,5,5
2020020566,2021-03-31,TOR,WPG,1,3,3
2020020567,2021-05-16,CGY,VAN,5,6,4
2020020568,2021-03-16,ANA,COL,8,4,3
2020020569,2021-03-31,L.A,VGK,2,4,3
2020020570,2021-03-31,MIN,S.J,4,2,3
2020020571,2021-04-01,PIT,BOS,1,4,3
2020020572,2021-04-01,NYR,BUF,2,3,4
2020020573,2021-04-01,WSH,NYI,8,4,3
2020020574,2021-04-01,CBJ,T.B,3,2,3
2020020575,2021-04-01,DET,FLA,3,2,4
2020020576,2021-04-01,CAR,CHI,3,4,3
2020020577,2021-04-01,DAL,NSH,1,4,3
2020020578,2021-04-01,MTL,OTT,1,4,3
2020020579,2021-04-01,MIN,VGK,2,3,5
2020020580,2021-04-02,WSH,N.J,1,2,4
2020020581,2021-04-02,TOR,WPG,1,2,5
2020020582,2021-04-02,CGY,EDM,3,2,3
2020020583,2021-04-02,ARI,ANA,2,4,3
2020020584,2021-04-02,S.J,L.A,0,3,3
2020020585,2021-04-03,PIT,BOS,7,5,3
2020020586,2021-04-03,NYR,BUF,3,2,5
2020020587,2021-04-03,PHI,NYI,3,2,5
2020020588,2021-04-03,DAL,CAR,2,3,3
2020020589,2021-04-03,DET,T.B,2,1,3
2020020590,2021-04-03,CBJ,FLA,5,2,3
2020020591,2021-04-03,CHI,NSH,3,0,3
2020020592,2021-04-03,OTT,MTL,3,6,3
2020020593,2021-05-06,VAN,EDM,3,6,3
2020020594,2021-04-03,STL,COL,2,1,3
2020020595,2021-04-03,MIN,VGK,1,2,3
2020020596,2021-04-03,S.J,L.A,2,3,3
2020020597,2021-04-04,WSH,N.J,4,5,3
2020020598,2021-04-04,DAL,CAR,1,0,3
2020020599,2021-04-04,DET,T.B,1,5,3
2020020600,2021-04-04,CBJ,FLA,3,0,3
2020020601,2021-04-19,CHI,NSH,5,2,3
2020020602,2021-05-10,VAN,WPG,1,3,3
2020020603,2021-04-04,TOR,CGY,2,4,3
2020020604,2021-04-04,ARI,ANA,2,3,4
2020020605,2021-04-10,BOS,PHI,3,2,3
2020020606,2021-04-05,VGK,STL,1,6,3
2020020607,2021-04-05,EDM,MTL,3,2,4
2020020608,2021-04-05,TOR,CGY,3,5,3
2020020609,2021-04-05,COL,MIN,4,5,3
2020020610,2021-04-05,ARI,L.A,2,5,3
2020020611,2021-04-06,BUF,N.J,3,5,3
2020020612,2021-04-06,WSH,NYI,1,0,3
2020020613,2021-04-06,PIT,NYR,8,4,3
2020020614,2021-04-06,BOS,PHI,2,4,3
2020020615,2021-04-06,FLA,CAR,5,2,3
2020020616,2021-04-06,T.B,CBJ,4,2,3
2020020617,2021-04-06,NSH,DET,2,4,5
2020020618,2021-04-06,DAL,CHI,4,2,3
2020020619,2021-05-11,VAN,WPG,5,0,3
2020020620,2021-04-07,VGK,STL,3,1,3
2020020621,2021-04-07,EDM,OTT,2,4,3
2020020622,2021-04-07,MTL,TOR,3,2,3
2020020623,2021-04-07,COL,MIN,8,3,3
2020020624,2021-04-07,ARI,L.A,4,3,3
2020020625,2021-04-08,N.J,BUF,3,6,3
2020020626,2021-04-08,PHI,NYI,3,2,5
2020020627,2021-04-08,PIT,NYR,2,5,3
2020020628,2021-04-08,BOS,WSH,2,4,3
2020020629,2021-04-08,FLA,CAR,3,0,3
2020020630,2021-04-08,T.B,CBJ,4,6,3
2020020631,2021-04-08,NSH,DET,1,7,3
2020020632,2021-04-08,DAL,CHI,1,5,3
2020020633,2021-04-08,WPG,MTL,2,4,3
2020020634,2021-05-19,VAN,CGY,6,2,3
2020020635,2021-02-25,N.J,BUF,3,4,4
2020020636,2021-04-09,NYR,NYI,1,4,3
2020020637,2021-04-09,MIN,STL,9,1,3
2020020638,2021-04-08,EDM,OTT,1,3,3
2020020639,2021-04-09,ARI,VGK,7,4,3
2020020640,2021-04-09,COL,ANA,0,2,3
2020020641,2021-04-09,L.A,S.J,5,2,3
2020020642,2021-04-10,DET,CAR,5,6,5
2020020643,2021-04-10,CHI,CBJ,3,4,3
2020020644,2021-04-10,T.B,NSH,0,3,3
2020020645,2021-04-10,WPG,MTL,0,5,3
2020020646,2021-04-10,OTT,TOR,6,5,3
2020020647,2021-05-13,VAN,CGY,4,1,3
2020020648,2021-04-10,FLA,DAL,4,1,3
2020020649,2021-04-10,L.A,S.J,2,4,3
2020020650,2021-04-11,PIT,N.J,2,5,3
2020020651,2021-04-11,NYR,NYI,3,2,4
2020020652,2021-04-11,BUF,PHI,3,5,3
2020020653,2021-05-11,BOS,WSH,2,1,3
2020020654,2021-04-10,MIN,STL,3,2,4
2020020655,2021-04-11,ARI,VGK,1,0,3
2020020656,2021-04-11,COL,ANA,1,4,3
2020020657,2021-04-12,DET,CAR,1,3,3
2020020658,2021-04-12,CHI,CBJ,3,4,4
2020020659,2021-04-13,T.B,NSH,7,2,3
2020020660,2021-04-12,TOR,MTL,4,2,3
2020020661,2021-04-12,WPG,OTT,4,2,3
2020020662,2021-05-08,VAN,EDM,4,3,3
2020020663,2021-04-12,VGK,L.A,2,4,3
2020020664,2021-04-12,ANA,S.J,0,4,3
2020020665,2021-04-15,NYI,BOS,4,1,3
2020020666,2021-04-13,NYR,N.J,0,3,3
2020020667,2021-02-18,BUF,WSH,3,1,3
2020020668,2021-03-06,PHI,PIT,4,3,3
2020020669,2021-04-13,CGY,TOR,2,3,4
2020020670,2021-04-13,FLA,DAL,2,3,4
2020020671,2021-04-14,CGY,MTL,1,4,3
2020020672,2021-04-14,WPG,OTT,2,3,3
2020020673,2021-05-15,VAN,EDM,1,4,3
2020020674,2021-04-14,VGK,L.A,2,6,3
2020020675,2021-04-14,ANA,S.J,1,4,3
2020020676,2021-04-15,N.J,NYR,4,0,3
2020020677,2021-04-15,BUF,WSH,2,5,3
2020020678,2021-04-15,NSH,CAR,4,1,3
2020020679,2021-04-15,FLA,T.B,3,2,4
2020020680,2021-04-15,PHI,PIT,2,3,5
2020020681,2021-04-15,CHI,DET,4,1,3
2020020682,2021-04-15,WPG,TOR,2,5,3
2020020683,2021-04-15,CBJ,DAL,4,1,3
2020020684,2021-02-12,STL,ARI,1,4,3
2020020685,2021-04-16,NYI,BOS,3,0,3
2020020686,2021-04-16,CGY,MTL,2,1,3
2020020687,2021-04-16,S.J,MIN,3,2,3
2020020688,2021-05-12,L.A,COL,6,0,3
2020020689,2021-04-16,VGK,ANA,0,4,3
2020020690,2021-04-17,PIT,BUF,2,3,3
2020020691,2021-04-17,N.J,NYR,6,3,3
2020020692,2021-04-17,WSH,PHI,3,6,3
2020020693,2021-04-17,NSH,CAR,3,1,3
2020020694,2021-04-17,FLA,T.B,3,5,3
2020020695,2021-04-17,CHI,DET,0,4,3
2020020696,2021-04-17,EDM,WPG,0,3,3
2020020697,2021-04-18,TOR,VAN,3,2,4
2020020698,2021-04-17,S.J,MIN,5,2,3
2020020699,2021-04-17,CBJ,DAL,5,1,3
2020020700,2021-04-17,STL,ARI,3,2,3
2020020701,2021-04-18,WSH,BOS,6,3,3
2020020702,2021-04-18,NYR,N.J,3,5,3
2020020703,2021-04-18,NYI,PHI,0,1,4
2020020704,2021-05-13,L.A,COL,5,1,3
2020020705,2021-04-18,VGK,ANA,2,5,3
2020020706,2021-04-19,CAR,T.B,3,2,4
2020020707,2021-04-19,CBJ,FLA,4,2,3
2020020708,2021-04-19,OTT,CGY,2,4,3
2020020709,2021-04-19,MTL,EDM,4,1,3
2020020710,2021-04-20,TOR,VAN,6,3,3
2020020711,2021-04-19,DET,DAL,4,3,5
2020020712,2021-04-19,MIN,ARI,2,5,3
2020020713,2021-04-19,S.J,VGK,3,2,5
2020020714,2021-04-11,WSH,BOS,1,8,3
2020020715,2021-04-18,PIT,BUF,4,2,3
2020020716,2021-04-27,PHI,N.J,6,4,3
2020020717,2021-04-20,NYR,NYI,6,1,3
2020020718,2021-04-20,CAR,T.B,1,4,3
2020020719,2021-04-20,CBJ,FLA,5,1,3
2020020720,2021-05-09,OTT,CGY,6,1,3
2020020721,2021-04-21,MTL,EDM,3,4,3
2020020722,2021-04-20,DET,DAL,5,2,3
2020020723,2021-04-02,STL,COL,3,2,3
2020020724,2021-04-20,ANA,L.A,4,1,3
2020020725,2021-04-21,NSH,CHI,5,4,4
2020020726,2021-04-22,TOR,WPG,3,5,3
2020020727,2021-04-21,MIN,ARI,1,4,3
2020020728,2021-04-21,S.J,VGK,5,2,3
2020020729,2021-04-22,BOS,BUF,1,5,3
2020020730,2021-04-22,WSH,NYI,1,2,5
2020020731,2021-04-22,CBJ,T.B,3,1,3
2020020732,2021-04-22,CAR,FLA,2,4,3
2020020733,2021-04-22,N.J,PIT,5,1,3
2020020734,2021-04-22,DAL,DET,7,3,3
2020020735,2021-04-22,COL,STL,2,4,3
2020020736,2021-04-23,MTL,CGY,4,2,3
2020020737,2021-04-22,OTT,VAN,0,3,3
2020020738,2021-04-23,BOS,BUF,6,4,3
2020020739,2021-04-23,PHI,NYR,4,1,3
2020020740,2021-04-23,NSH,CHI,1,3,3
2020020741,2021-05-14,TOR,WPG,4,2,3
2020020742,2021-03-03,ARI,L.A,2,3,3
2020020743,2021-02-22,MIN,S.J,2,6,3
2020020744,2021-04-24,WSH,NYI,3,6,3
2020020745,2021-04-24,CAR,FLA,4,3,4
2020020746,2021-04-24,N.J,PIT,4,2,3
2020020747,2021-04-24,DAL,DET,1,2,4
2020020748,2021-04-24,COL,STL,5,3,3
2020020749,2021-04-24,TOR,WPG,1,4,3
2020020750,2021-04-24,MTL,CGY,5,2,3
2020020751,2021-04-24,OTT,VAN,4,2,3
2020020752,2021-04-24,ARI,L.A,0,4,3
2020020753,2021-04-24,MIN,S.J,3,6,3
2020020754,2021-04-25,BUF,NYR,6,3,3
2020020755,2021-03-22,NYI,PHI,1,2,4
2020020756,2021-04-25,CBJ,T.B,4,3,4
2020020757,2021-04-25,BOS,PIT,1,0,3
2020020759,2021-04-26,VAN,OTT,2,1,3
2020020760,2021-04-26,EDM,WPG,1,6,3
2020020761,2021-04-26,MTL,CGY,1,2,3
2020020762,2021-04-29,STL,MIN,4,5,4
2020020763,2021-04-26,CAR,DAL,4,3,4
2020020764,2021-05-10,COL,VGK,1,2,3
2020020765,2021-04-26,ANA,L.A,4,1,3
2020020766,2021-04-26,ARI,S.J,6,4,3
2020020767,2021-03-14,NYI,N.J,3,4,5
2020020768,2021-04-27,BUF,NYR,3,1,3
2020020769,2021-03-07,WSH,PHI,1,3,3
2020020770,2021-04-27,BOS,PIT,1,3,3
2020020771,2021-04-27,DET,CBJ,2,0,5
2020020772,2021-04-27,T.B,CHI,4,7,3
2020020773,2021-04-27,FLA,NSH,4,7,3
2020020774,2021-04-27,CAR,DAL,1,5,3
2020020775,2021-04-28,TOR,MTL,1,4,3
2020020776,2021-04-28,VAN,OTT,6,3,3
2020020777,2021-04-28,EDM,WPG,1,3,3
2020020778,2021-04-28,STL,MIN,3,4,3
2020020779,2021-04-28,COL,VGK,5,2,3
2020020780,2021-04-28,ANA,L.A,2,3,3
2020020781,2021-04-28,ARI,S.J,4,2,3
2020020782,2021-04-29,BUF,BOS,5,2,3
2020020783,2021-04-29,PHI,N.J,5,3,3
2020020784,2021-04-29,NYI,NYR,0,4,3
2020020785,2021-04-29,PIT,WSH,4,5,4
2020020786,2021-04-29,DET,CAR,3,1,3
2020020787,2021-04-29,FLA,CHI,3,4,4
2020020788,2021-04-11,DAL,NSH,3,2,5
2020020789,2021-04-29,CGY,EDM,1,3,3
2020020790,2021-05-12,MIN,STL,4,0,3
2020020791,2021-04-30,WPG,MTL,5,3,3
2020020792,2021-04-29,VAN,TOR,4,1,3
2020020793,2021-04-30,S.J,COL,3,0,3
2020020794,2021-04-30,VGK,ARI,3,0,3
2020020795,2021-04-30,L.A,ANA,1,2,3
2020020796,2021-05-01,BUF,BOS,6,2,3
2020020797,2021-05-01,NYR,NYI,3,0,3
2020020798,2021-05-01,N.J,PHI,1,4,3
2020020799,2021-05-01,PIT,WSH,0,3,3
2020020800,2021-05-01,CBJ,CAR,2,1,4
2020020801,2021-05-01,T.B,DET,4,3,5
2020020802,2021-05-01,FLA,CHI,4,5,3
2020020803,2021-05-13,MIN,STL,7,3,3
2020020804,2021-05-01,DAL,NSH,1,0,4
2020020805,2021-05-01,OTT,MTL,3,2,4
2020020806,2021-05-01,VAN,TOR,5,1,3
2020020807,2021-05-01,CGY,EDM,4,1,3
2020020808,2021-05-01,S.J,COL,4,3,3
2020020809,2021-05-01,VGK,ARI,2,3,4
2020020810,2021-05-01,L.A,ANA,6,2,3
2020020811,2021-05-02,T.B,DET,1,2,3
2020020812,2021-05-03,NYI,BUF,4,2,3
2020020813,2021-05-03,BOS,N.J,0,3,3
2020020814,2021-05-03,WSH,NYR,3,6,3
2020020815,2021-05-03,PIT,PHI,7,2,3
2020020816,2021-05-03,CHI,CAR,5,2,3
2020020817,2021-05-03,NSH,CBJ,3,4,4
2020020818,2021-05-03,ANA,STL,3,1,3
2020020819,2021-05-03,TOR,MTL,3,2,4
2020020820,2021-05-03,WPG,OTT,2,1,3
2020020821,2021-05-03,VGK,MIN,6,5,3
2020020822,2021-05-03,L.A,ARI,2,3,3
2020020823,2021-05-03,COL,S.J,4,5,4
2020020824,2021-05-04,NYI,BUF,4,3,5
2020020825,2021-05-04,BOS,N.J,4,3,4
2020020826,2021-05-04,PIT,PHI,3,7,3
2020020827,2021-05-04,CHI,CAR,6,3,3
2020020828,2021-03-21,FLA,T.B,5,3,3
2020020829,2021-05-03,EDM,VAN,3,5,3
2020020830,2021-05-05,WSH,NYR,2,4,3
2020020831,2021-05-05,NSH,CBJ,4,2,3
2020020832,2021-05-05,ANA,STL,2,3,5
2020020833,2021-05-12,TOR,OTT,4,3,4
2020020834,2021-05-05,WPG,CGY,0,4,3
2020020835,2021-05-05,VGK,MIN,2,3,4
2020020836,2021-05-05,L.A,ARI,2,4,3
2020020837,2021-05-05,COL,S.J,3,2,3
2020020838,2021-05-06,NYR,BOS,4,0,3
2020020839,2021-05-06,N.J,NYI,1,2,3
2020020840,2021-05-07,PHI,WSH,2,4,3
2020020841,2021-05-10,T.B,FLA,4,0,3
2020020842,2021-05-06,BUF,PIT,8,4,3
2020020843,2021-05-09,DAL,CHI,4,2,3
2020020844,2021-05-04,EDM,VAN,1,4,3
2020020845,2021-05-07,DET,CBJ,2,5,3
2020020846,2021-05-10,CAR,NSH,5,0,3
2020020847,2021-05-06,MTL,TOR,5,2,3
2020020848,2021-04-05,OTT,WPG,4,3,3
2020020849,2021-04-10,EDM,CGY,5,0,3
2020020850,2021-05-07,ANA,MIN,4,3,4
2020020851,2021-05-07,STL,VGK,4,3,4
2020020852,2021-05-07,COL,L.A,2,3,3
2020020853,2021-05-07,ARI,S.J,2,5,3
2020020854,2021-05-08,NYR,BOS,4,5,3
2020020855,2021-05-08,N.J,NYI,5,1,3
2020020856,2021-05-08,PHI,WSH,2,1,4
2020020857,2021-05-08,T.B,FLA,5,1,3
2020020858,2021-05-08,BUF,PIT,1,0,3
2020020859,2021-05-08,DET,CBJ,5,4,4
2020020860,2021-05-10,DAL,CHI,4,5,4
2020020861,2021-05-08,CAR,NSH,3,1,3
2020020862,2021-05-08,MTL,TOR,3,2,3
2020020863,2021-05-08,OTT,WPG,2,4,3
2020020864,2021-05-18,CGY,VAN,4,2,3
2020020865,2021-05-08,ANA,MIN,4,3,4
2020020866,2021-05-08,STL,VGK,4,1,3
2020020867,2021-05-08,COL,L.A,2,3,3
2020020868,2021-05-08,ARI,S.J,4,5,4
